{
  "feature_names": [
    "total_consultas",
    "consultas_con_signos_vitales",
    "dias_desde_ultima_consulta",
    "intervalo_promedio_dias_consultas",
    "presion_sistolica_ultima",
    "presion_sistolica_promedio",
    "presion_sistolica_maxima",
    "presion_diastolica_ultima",
    "presion_diastolica_promedio",
    "frecuencia_cardiaca_ultima",
    "frecuencia_cardiaca_promedio",
    "glucosa_ultima",
    "glucosa_promedio",
    "glucosa_maxima",
    "imc_ultimo",
    "saturacion_o2_ultima",
    "saturacion_o2_minima",
    "temperatura_maxima",
    "conteo_keywords_cardiovascular",
    "conteo_keywords_metabolico",
    "conteo_keywords_respiratorio"
  ],
  "medians": {
    "total_consultas": null,
    "consultas_con_signos_vitales": null,
    "dias_desde_ultima_consulta": null,
    "intervalo_promedio_dias_consultas": 49.0,
    "presion_sistolica_ultima": 118.2,
    "presion_sistolica_promedio": 118.5,
    "presion_sistolica_maxima": 122.8,
    "presion_diastolica_ultima": 75.3,
    "presion_diastolica_promedio": 74.9,
    "frecuencia_cardiaca_ultima": 73.7,
    "frecuencia_cardiaca_promedio": 74.1,
    "glucosa_ultima": 94.1,
    "glucosa_promedio": 92.8,
    "glucosa_maxima": 99.5,
    "imc_ultimo": 29.6,
    "saturacion_o2_ultima": 96.7,
    "saturacion_o2_minima": 96.1,
    "temperatura_maxima": 37.0,
    "conteo_keywords_cardiovascular": null,
    "conteo_keywords_metabolico": null,
    "conteo_keywords_respiratorio": null
  },
  "scaler_mean": [
    3.9008,
    3.154,
    52.962,
    55.77606000000001,
    123.86372000000001,
    124.06493999999999,
    129.82457999999997,
    77.00296,
    76.98308,
    75.35372000000001,
    75.49476000000001,
    102.29388,
    102.11395999999999,
    112.73544,
    30.057959999999998,
    95.94738000000001,
    94.7704,
    37.21552,
    0.1874,
    0.4216,
    0.4394
  ],
  "scaler_scale": [
    2.2413744354748046,
    1.9634367827867543,
    49.35185666213582,
    29.827144765739817,
    18.39540354984364,
    17.504820158927654,
    21.30620111196738,
    10.696065035254788,
    9.510413961211151,
    10.216033582638616,
    8.227625206728852,
    28.07949441399542,
    25.343397663265275,
    34.30923998001705,
    8.235083280598927,
    3.1648805878895336,
    3.862604282087411,
    0.7405910677290131,
    0.5450515938881383,
    1.0343371984029193,
    1.0415025876108037
  ],
  "n_features_in_": 21
}